vehicle_id,trip_id,measurement_sequence,measurement_time,latitude,longitude,fuel_capacity,distance_traveled,fuel_remaining_percent,fuel_remaining_gallon,color
1,1,1,2024-04-22 11:41:51,39.67120876065904,-98.69669713943337,50,12,99,49.9,green
1,1,2,2024-04-22 11:46:51,39.514117521318084,-98.81362734106898,50,25,99,49.8,green
1,1,3,2024-04-22 11:51:51,39.35702628197713,-98.93029269315063,50,37,99,49.6,green
1,1,4,2024-04-22 11:56:51,39.19993504263617,-99.04669526579598,50,50,99,49.5,green
1,1,5,2024-04-22 12:01:51,39.04284380329521,-99.16283711122823,50,62,98,49.4,green
1,1,6,2024-04-22 12:06:51,38.885752563954256,-99.2787202640044,50,75,98,49.2,green
1,1,7,2024-04-22 12:11:51,38.7286613246133,-99.39434674124007,50,87,98,49.1,green
1,1,8,2024-04-22 12:16:51,38.57157008527234,-99.50971854283067,50,100,98,49.0,green
1,1,9,2024-04-22 12:21:51,38.414478845931384,-99.62483765166957,50,112,97,48.9,green
1,1,10,2024-04-22 12:26:51,38.25738760659043,-99.73970603386279,50,125,97,48.8,green
1,1,11,2024-04-22 12:31:51,38.10029636724947,-99.85432563894054,50,137,97,48.6,green
1,1,12,2024-04-22 12:36:51,37.94320512790851,-99.96869840006555,50,150,97,48.5,green
1,1,13,2024-04-22 12:41:51,37.786113888567556,-100.08282623423837,50,162,96,48.4,green
1,1,14,2024-04-22 12:46:51,37.6290226492266,-100.19671104249956,50,175,96,48.2,green
1,1,15,2024-04-22 12:51:51,37.47193140988564,-100.31035471012896,50,187,96,48.1,green
1,1,16,2024-04-22 12:56:51,37.314840170544684,-100.42375910684198,50,200,96,48.0,green
1,1,17,2024-04-22 13:01:51,37.15774893120373,-100.536926086983,50,212,95,47.9,green
1,1,18,2024-04-22 13:06:51,37.00065769186277,-100.64985748971596,50,225,95,47.8,green
1,1,19,2024-04-22 13:11:51,36.84356645252181,-100.76255513921217,50,237,95,47.6,green
1,1,20,2024-04-22 13:16:51,36.686475213180856,-100.87502084483543,50,250,95,47.5,green
1,1,21,2024-04-22 13:21:51,36.5293839738399,-100.98725640132437,50,262,94,47.4,green
1,1,22,2024-04-22 13:26:51,36.37229273449894,-101.09926358897226,50,275,94,47.2,green
1,1,23,2024-04-22 13:31:51,36.215201495157984,-101.21104417380415,50,287,94,47.1,green
1,1,24,2024-04-22 13:36:51,36.05811025581703,-101.32259990775155,50,300,94,47.0,green
1,1,25,2024-04-22 13:41:51,35.90101901647607,-101.43393252882453,50,312,93,46.9,green
1,1,26,2024-04-22 13:46:51,35.74392777713511,-101.54504376128143,50,325,93,46.8,green
1,1,27,2024-04-22 13:51:51,35.586836537794156,-101.65593531579616,50,337,93,46.6,green
1,1,28,2024-04-22 13:56:51,35.4297452984532,-101.76660888962306,50,350,93,46.5,green
1,1,29,2024-04-22 14:01:51,35.27265405911224,-101.87706616675955,50,362,92,46.4,green
1,1,30,2024-04-22 14:06:51,35.115562819771284,-101.98730881810637,50,375,92,46.2,green
1,1,31,2024-04-22 14:11:51,34.95847158043033,-102.09733850162569,50,387,92,46.1,green
1,1,32,2024-04-22 14:16:51,34.80138034108937,-102.2071568624969,50,400,92,46.0,green
1,1,33,2024-04-22 14:21:51,34.64428910174841,-102.31676553327036,50,412,91,45.9,green
1,1,34,2024-04-22 14:26:51,34.487197862407456,-102.42616613401886,50,425,91,45.8,green
1,1,35,2024-04-22 14:31:51,34.3301066230665,-102.53536027248717,50,437,91,45.6,green
1,1,36,2024-04-22 14:36:51,34.17301538372554,-102.64434954423935,50,450,91,45.5,green
1,1,37,2024-04-22 14:41:51,34.015924144384584,-102.75313553280415,50,462,90,45.4,green
1,1,38,2024-04-22 14:46:51,33.85883290504363,-102.86171980981842,50,475,90,45.2,green
1,1,39,2024-04-22 14:51:51,33.70174166570267,-102.97010393516848,50,487,90,45.1,green
1,1,40,2024-04-22 14:56:51,33.54465042636171,-103.07828945712964,50,500,90,45.0,green
1,1,41,2024-04-22 15:01:51,33.387559187020756,-103.18627791250383,50,512,89,44.9,green
1,1,42,2024-04-22 15:06:51,33.2304679476798,-103.2940708267553,50,525,89,44.8,green
1,1,43,2024-04-22 15:11:51,33.07337670833884,-103.40166971414463,50,537,89,44.6,green
1,1,44,2024-04-22 15:16:51,32.916285468997884,-103.50907607786078,50,550,89,44.5,green
1,1,45,2024-04-22 15:21:51,32.75919422965693,-103.61629141015149,50,562,88,44.4,green
1,1,46,2024-04-22 15:26:51,32.60210299031597,-103.72331719245187,50,575,88,44.2,green
1,1,47,2024-04-22 15:31:51,32.44501175097501,-103.83015489551137,50,587,88,44.1,green
1,1,48,2024-04-22 15:36:51,32.287920511634056,-103.93680597951897,50,600,88,44.0,green
1,1,49,2024-04-22 15:41:51,32.1308292722931,-104.04327189422678,50,612,87,43.9,green
1,1,50,2024-04-22 15:46:51,31.973738032952138,-104.14955407907203,50,625,87,43.8,green
1,1,51,2024-04-22 15:51:51,31.816646793611177,-104.2556539632974,50,637,87,43.6,green
1,1,52,2024-04-22 15:56:51,31.659555554270217,-104.36157296606982,50,650,87,43.5,green
1,1,53,2024-04-22 16:01:51,31.502464314929256,-104.46731249659769,50,662,86,43.4,green
1,1,54,2024-04-22 16:06:51,31.345373075588295,-104.57287395424666,50,675,86,43.2,green
1,1,55,2024-04-22 16:11:51,31.188281836247334,-104.67825872865386,50,687,86,43.1,green
1,1,56,2024-04-22 16:16:51,31.031190596906374,-104.7834681998406,50,700,86,43.0,green
1,1,57,2024-04-22 16:21:51,30.874099357565413,-104.88850373832372,50,712,85,42.9,green
1,1,58,2024-04-22 16:26:51,30.717008118224452,-104.99336670522551,50,725,85,42.8,green
1,1,59,2024-04-22 16:31:51,30.55991687888349,-105.09805845238215,50,737,85,42.6,green
1,1,60,2024-04-22 16:36:51,30.40282563954253,-105.20258032245083,50,750,85,42.5,green
1,1,61,2024-04-22 16:41:51,30.24573440020157,-105.30693364901555,50,762,84,42.4,green
1,1,62,2024-04-22 16:46:51,30.08864316086061,-105.41111975669148,50,775,84,42.2,green
1,1,63,2024-04-22 16:51:51,29.93155192151965,-105.51513996122812,50,787,84,42.1,green
1,1,64,2024-04-22 16:56:51,29.774460682178688,-105.6189955696111,50,800,84,42.0,green
1,1,65,2024-04-22 17:01:51,29.617369442837727,-105.72268788016274,50,812,83,41.9,green
1,1,66,2024-04-22 17:06:51,29.460278203496767,-105.82621818264131,50,825,83,41.8,green
1,1,67,2024-04-22 17:11:51,29.303186964155806,-105.92958775833917,50,837,83,41.6,green
1,1,68,2024-04-22 17:16:51,29.146095724814845,-106.03279788017956,50,850,83,41.5,green
1,1,69,2024-04-22 17:21:51,28.989004485473885,-106.1358498128123,50,862,82,41.4,green
1,1,70,2024-04-22 17:26:51,28.831913246132924,-106.23874481270826,50,875,82,41.2,green
1,1,71,2024-04-22 17:31:51,28.674822006791963,-106.34148412825276,50,887,82,41.1,green
1,1,72,2024-04-22 17:36:51,28.517730767451003,-106.4440689998377,50,900,82,41.0,green
1,1,73,2024-04-22 17:41:51,28.360639528110042,-106.54650065995267,50,912,81,40.9,green
1,1,74,2024-04-22 17:46:51,28.20354828876908,-106.64878033327497,50,925,81,40.8,green
1,1,75,2024-04-22 17:51:51,28.04645704942812,-106.75090923675847,50,937,81,40.6,green
1,1,76,2024-04-22 17:56:51,27.88936581008716,-106.85288857972148,50,950,81,40.5,green
1,1,77,2024-04-22 18:01:51,27.7322745707462,-106.95471956393351,50,962,80,40.4,green
1,1,78,2024-04-22 18:06:51,27.57518333140524,-107.05640338370102,50,975,80,40.2,green
1,1,79,2024-04-22 18:11:51,27.418092092064278,-107.1579412259522,50,987,80,40.1,green
1,1,80,2024-04-22 18:16:51,27.261000852723317,-107.25933427032066,50,1000,80,40.0,green
1,1,81,2024-04-22 18:21:51,27.103909613382356,-107.36058368922822,50,1012,79,39.9,green
1,1,82,2024-04-22 18:26:51,26.946818374041396,-107.46169064796665,50,1025,79,39.8,green
1,1,83,2024-04-22 18:31:51,26.789727134700435,-107.56265630477851,50,1037,79,39.6,green
1,1,84,2024-04-22 18:36:51,26.632635895359474,-107.66348181093709,50,1050,79,39.5,green
1,1,85,2024-04-22 18:41:51,26.475544656018513,-107.76416831082526,50,1062,78,39.4,green
1,1,86,2024-04-22 18:46:51,26.318453416677553,-107.8647169420136,50,1075,78,39.2,green
1,1,87,2024-04-22 18:51:51,26.161362177336592,-107.96512883533755,50,1087,78,39.1,green
1,1,88,2024-04-22 18:56:51,26.00427093799563,-108.06540511497363,50,1100,78,39.0,green
1,1,89,2024-04-22 19:01:51,25.84717969865467,-108.16554689851485,50,1112,77,38.9,green
1,1,90,2024-04-22 19:06:51,25.69008845931371,-108.26555529704528,50,1125,77,38.8,green
1,1,91,2024-04-22 19:11:51,25.53299721997275,-108.3654314152137,50,1137,77,38.6,green
1,1,92,2024-04-22 19:16:51,25.37590598063179,-108.46517635130651,50,1150,77,38.5,green
1,1,93,2024-04-22 19:21:51,25.218814741290828,-108.56479119731974,50,1162,76,38.4,green
1,1,94,2024-04-22 19:26:51,25.061723501949867,-108.66427703903028,50,1175,76,38.2,green
1,1,95,2024-04-22 19:31:51,24.904632262608907,-108.76363495606637,50,1187,76,38.1,green
1,1,96,2024-04-22 19:36:51,24.747541023267946,-108.86286602197724,50,1200,76,38.0,green
1,1,97,2024-04-22 19:41:51,24.590449783926985,-108.961971304302,50,1212,75,37.9,green
1,1,98,2024-04-22 19:46:51,24.433358544586024,-109.06095186463779,50,1225,75,37.8,green
1,1,99,2024-04-22 19:51:51,24.276267305245064,-109.15980875870714,50,1237,75,37.6,green
1,1,100,2024-04-22 19:56:51,24.119176065904103,-109.25854303642468,50,1250,75,37.5,green
1,1,101,2024-04-22 20:01:51,23.962084826563142,-109.35715574196303,50,1262,74,37.4,yellow
1,1,102,2024-04-22 20:06:51,23.80499358722218,-109.455647913818,50,1275,74,37.2,yellow
1,1,103,2024-04-22 20:11:51,23.64790234788122,-109.55402058487317,50,1287,74,37.1,yellow
1,1,104,2024-04-22 20:16:51,23.49081110854026,-109.65227478246368,50,1300,74,37.0,yellow
1,1,105,2024-04-22 20:21:51,23.3337198691993,-109.75041152843932,50,1312,73,36.9,yellow
1,1,106,2024-04-22 20:26:51,23.17662862985834,-109.84843183922709,50,1325,73,36.8,yellow
1,1,107,2024-04-22 20:31:51,23.019537390517378,-109.94633672589298,50,1337,73,36.6,yellow
1,1,108,2024-04-22 20:36:51,22.862446151176417,-110.04412719420307,50,1350,73,36.5,yellow
1,1,109,2024-04-22 20:41:51,22.705354911835457,-110.14180424468415,50,1362,72,36.4,yellow
1,1,110,2024-04-22 20:46:51,22.548263672494496,-110.23936887268351,50,1375,72,36.2,yellow
1,1,111,2024-04-22 20:51:51,22.391172433153535,-110.33682206842828,50,1387,72,36.1,yellow
1,1,112,2024-04-22 20:56:51,22.234081193812575,-110.434164817084,50,1400,72,36.0,yellow
1,1,113,2024-04-22 21:01:51,22.076989954471614,-110.53139809881274,50,1412,71,35.9,yellow
1,1,114,2024-04-22 21:06:51,21.919898715130653,-110.62852288883055,50,1425,71,35.8,yellow
1,1,115,2024-04-22 21:11:51,21.762807475789693,-110.72554015746422,50,1437,71,35.6,yellow
1,1,116,2024-04-22 21:16:51,21.605716236448732,-110.82245087020773,50,1450,71,35.5,yellow
1,1,117,2024-04-22 21:21:51,21.44862499710777,-110.91925598777783,50,1462,70,35.4,yellow
1,1,118,2024-04-22 21:26:51,21.29153375776681,-111.01595646616929,50,1475,70,35.2,yellow
1,1,119,2024-04-22 21:31:51,21.13444251842585,-111.11255325670943,50,1487,70,35.1,yellow
1,1,120,2024-04-22 21:36:51,20.97735127908489,-111.20904730611228,50,1500,70,35.0,yellow
1,1,121,2024-04-22 21:41:51,20.82026003974393,-111.30543955653204,50,1512,69,34.9,yellow
1,1,122,2024-04-22 21:46:51,20.663168800402968,-111.40173094561607,50,1525,69,34.8,yellow
1,1,123,2024-04-22 21:51:51,20.506077561062007,-111.49792240655742,50,1537,69,34.6,yellow
1,1,124,2024-04-22 21:56:51,20.348986321721046,-111.5940148681468,50,1550,69,34.5,yellow
1,1,125,2024-04-22 22:01:51,20.191895082380086,-111.69000925482399,50,1562,68,34.4,yellow
1,1,126,2024-04-22 22:06:51,20.034803843039125,-111.78590648672888,50,1575,68,34.2,yellow
1,1,127,2024-04-22 22:11:51,19.877712603698164,-111.88170747975188,50,1587,68,34.1,yellow
1,1,128,2024-04-22 22:16:51,19.720621364357203,-111.977413145584,50,1600,68,34.0,yellow
1,1,129,2024-04-22 22:21:51,19.563530125016243,-112.07302439176627,50,1612,67,33.9,yellow
1,1,130,2024-04-22 22:26:51,19.406438885675282,-112.1685421217389,50,1625,67,33.8,yellow
1,1,131,2024-04-22 22:31:51,19.24934764633432,-112.2639672348898,50,1637,67,33.6,yellow
1,1,132,2024-04-22 22:36:51,19.09225640699336,-112.35930062660279,50,1650,67,33.5,yellow
1,1,133,2024-04-22 22:41:51,18.9351651676524,-112.45454318830521,50,1662,66,33.4,yellow
1,1,134,2024-04-22 22:46:51,18.77807392831144,-112.54969580751522,50,1675,66,33.2,yellow
1,1,135,2024-04-22 22:51:51,18.62098268897048,-112.64475936788862,50,1687,66,33.1,yellow
1,1,136,2024-04-22 22:56:51,18.463891449629518,-112.73973474926527,50,1700,66,33.0,yellow
1,1,137,2024-04-22 23:01:51,18.306800210288557,-112.83462282771498,50,1712,65,32.9,yellow
1,1,138,2024-04-22 23:06:51,18.149708970947596,-112.92942447558316,50,1725,65,32.8,yellow
1,1,139,2024-04-22 23:11:51,17.992617731606636,-113.02414056153592,50,1737,65,32.6,yellow
1,1,140,2024-04-22 23:16:51,17.835526492265675,-113.11877195060478,50,1750,65,32.5,yellow
1,1,141,2024-04-22 23:21:51,17.678435252924714,-113.21331950423112,50,1762,64,32.4,yellow
1,1,142,2024-04-22 23:26:51,17.521344013583754,-113.30778408031006,50,1775,64,32.2,yellow
1,1,143,2024-04-22 23:31:51,17.364252774242793,-113.40216653323404,50,1787,64,32.1,yellow
1,1,144,2024-04-22 23:36:51,17.207161534901832,-113.49646771393606,50,1800,64,32.0,yellow
1,1,145,2024-04-22 23:41:51,17.05007029556087,-113.59068846993247,50,1812,63,31.9,yellow
1,1,146,2024-04-22 23:46:51,16.89297905621991,-113.68482964536547,50,1825,63,31.8,yellow
1,1,147,2024-04-22 23:51:51,16.73588781687895,-113.77889208104511,50,1837,63,31.6,yellow
1,1,148,2024-04-22 23:56:51,16.57879657753799,-113.87287661449116,50,1850,63,31.5,yellow
1,1,149,2024-04-23 00:01:51,16.42170533819703,-113.9667840799744,50,1862,62,31.4,yellow
1,1,150,2024-04-23 00:06:51,16.264614098856068,-114.0606153085577,50,1875,62,31.2,yellow
1,1,151,2024-04-23 00:11:51,16.107522859515107,-114.15437112813672,50,1887,62,31.1,yellow
1,1,152,2024-04-23 00:16:51,15.950431620174147,-114.24805236348027,50,1900,62,31.0,yellow
1,1,153,2024-04-23 00:21:51,15.793340380833186,-114.34165983627038,50,1912,61,30.9,yellow
1,1,154,2024-04-23 00:26:51,15.636249141492225,-114.43519436514198,50,1925,61,30.8,yellow
1,1,155,2024-04-23 00:31:51,15.479157902151265,-114.5286567657223,50,1937,61,30.6,yellow
1,1,156,2024-04-23 00:36:51,15.322066662810304,-114.62204785066999,50,1950,61,30.5,yellow
1,1,157,2024-04-23 00:41:51,15.164975423469343,-114.71536842971382,50,1962,60,30.4,yellow
1,1,158,2024-04-23 00:46:51,15.007884184128383,-114.8086193096912,50,1975,60,30.2,yellow
1,1,159,2024-04-23 00:51:51,14.850792944787422,-114.90180129458633,50,1987,60,30.1,yellow
1,1,160,2024-04-23 00:56:51,14.693701705446461,-114.99491518556808,50,2000,60,30.0,yellow
2,1,1,2024-04-22 11:41:51,40.007813539123006,-98.61114696603876,10,12,99,9.9,green
2,1,2,2024-04-22 11:46:51,40.187327078246014,-98.64287699905657,10,25,98,9.8,green
2,1,3,2024-04-22 11:51:51,40.36684061736902,-98.67469084938642,10,37,97,9.7,green
2,1,4,2024-04-22 11:56:51,40.54635415649203,-98.70658927497543,10,50,96,9.7,green
2,1,5,2024-04-22 12:01:51,40.72586769561504,-98.73857304149878,10,62,95,9.6,green
2,1,6,2024-04-22 12:06:51,40.905381234738044,-98.7706429224759,10,75,94,9.5,green
2,1,7,2024-04-22 12:11:51,41.08489477386105,-98.8027996993886,10,87,94,9.4,green
2,1,8,2024-04-22 12:16:51,41.26440831298406,-98.83504416180142,10,100,93,9.3,green
2,1,9,2024-04-22 12:21:51,41.44392185210707,-98.86737710748416,10,112,92,9.2,green
2,1,10,2024-04-22 12:26:51,41.623435391230075,-98.89979934253667,10,125,91,9.2,green
2,1,11,2024-04-22 12:31:51,41.80294893035308,-98.93231168151588,10,137,90,9.1,green
2,1,12,2024-04-22 12:36:51,41.98246246947609,-98.96491494756528,10,150,89,9.0,green
2,1,13,2024-04-22 12:41:51,42.1619760085991,-98.99760997254661,10,162,89,8.9,green
2,1,14,2024-04-22 12:46:51,42.341489547722105,-99.03039759717426,10,175,88,8.8,green
2,1,15,2024-04-22 12:51:51,42.52100308684511,-99.06327867115192,10,187,87,8.7,green
2,1,16,2024-04-22 12:56:51,42.70051662596812,-99.096254053312,10,200,86,8.7,green
2,1,17,2024-04-22 13:01:51,42.88003016509113,-99.12932461175753,10,212,85,8.6,green
2,1,18,2024-04-22 13:06:51,43.059543704214136,-99.1624912240068,10,225,84,8.5,green
2,1,19,2024-04-22 13:11:51,43.23905724333714,-99.19575477714079,10,237,84,8.4,green
2,1,20,2024-04-22 13:16:51,43.41857078246015,-99.22911616795331,10,250,83,8.3,green
2,1,21,2024-04-22 13:21:51,43.59808432158316,-99.26257630310407,10,262,82,8.2,green
2,1,22,2024-04-22 13:26:51,43.777597860706166,-99.29613609927472,10,275,81,8.2,green
2,1,23,2024-04-22 13:31:51,43.957111399829174,-99.32979648332783,10,287,80,8.1,green
2,1,24,2024-04-22 13:36:51,44.13662493895218,-99.36355839246899,10,300,79,8.0,green
2,1,25,2024-04-22 13:41:51,44.31613847807519,-99.39742277441206,10,312,79,7.9,green
2,1,26,2024-04-22 13:46:51,44.495652017198196,-99.43139058754764,10,325,78,7.8,green
2,1,27,2024-04-22 13:51:51,44.675165556321204,-99.46546280111482,10,337,77,7.7,green
2,1,28,2024-04-22 13:56:51,44.85467909544421,-99.4996403953764,10,350,76,7.7,green
2,1,29,2024-04-22 14:01:51,45.03419263456722,-99.53392436179742,10,362,75,7.6,green
2,1,30,2024-04-22 14:06:51,45.21370617369023,-99.56831570322738,10,375,74,7.5,yellow
2,1,31,2024-04-22 14:11:51,45.393219712813234,-99.60281543408605,10,387,74,7.4,yellow
2,1,32,2024-04-22 14:16:51,45.57273325193624,-99.63742458055292,10,400,73,7.3,yellow
2,1,33,2024-04-22 14:21:51,45.75224679105925,-99.67214418076057,10,412,72,7.2,yellow
2,1,34,2024-04-22 14:26:51,45.93176033018226,-99.70697528499188,10,425,71,7.2,yellow
2,1,35,2024-04-22 14:31:51,46.111273869305265,-99.74191895588127,10,437,70,7.1,yellow
2,1,36,2024-04-22 14:36:51,46.29078740842827,-99.77697626861998,10,450,69,7.0,yellow
2,1,37,2024-04-22 14:41:51,46.47030094755128,-99.8121483111656,10,462,69,6.9,yellow
2,1,38,2024-04-22 14:46:51,46.64981448667429,-99.84743618445594,10,475,68,6.8,yellow
2,1,39,2024-04-22 14:51:51,46.829328025797295,-99.88284100262716,10,487,67,6.7,yellow
2,1,40,2024-04-22 14:56:51,47.0088415649203,-99.91836389323657,10,500,66,6.7,yellow
2,1,41,2024-04-22 15:01:51,47.18835510404331,-99.95400599749003,10,512,65,6.6,yellow
2,1,42,2024-04-22 15:06:51,47.36786864316632,-99.98976847047398,10,525,64,6.5,yellow
2,1,43,2024-04-22 15:11:51,47.547382182289326,-100.0256524813925,10,537,64,6.4,yellow
2,1,44,2024-04-22 15:16:51,47.72689572141233,-100.06165921380929,10,550,63,6.3,yellow
2,1,45,2024-04-22 15:21:51,47.90640926053534,-100.09778986589477,10,562,62,6.2,yellow
2,1,46,2024-04-22 15:26:51,48.08592279965835,-100.1340456506784,10,575,61,6.2,yellow
2,1,47,2024-04-22 15:31:51,48.265436338781356,-100.17042779630644,10,587,60,6.1,yellow
2,1,48,2024-04-22 15:36:51,48.444949877904364,-100.20693754630521,10,600,59,6.0,yellow
2,1,49,2024-04-22 15:41:51,48.62446341702737,-100.24357615985005,10,612,59,5.9,yellow
2,1,50,2024-04-22 15:46:51,48.80397695615038,-100.28034491204,10,625,58,5.8,yellow
2,1,51,2024-04-22 15:51:51,48.98349049527339,-100.31724509417855,10,637,57,5.7,yellow
2,1,52,2024-04-22 15:56:51,49.163004034396394,-100.35427801406053,10,650,56,5.7,yellow
2,1,53,2024-04-22 16:01:51,49.3425175735194,-100.39144499626514,10,662,55,5.6,yellow
2,1,54,2024-04-22 16:06:51,49.52203111264241,-100.42874738245558,10,675,54,5.5,yellow
2,1,55,2024-04-22 16:11:51,49.70154465176542,-100.4661865316853,10,687,54,5.4,yellow
2,1,56,2024-04-22 16:16:51,49.881058190888425,-100.50376382071089,10,700,53,5.3,yellow
2,1,57,2024-04-22 16:21:51,50.06057173001143,-100.54148064431217,10,712,52,5.2,yellow
2,1,58,2024-04-22 16:26:51,50.24008526913444,-100.57933841561935,10,725,51,5.2,yellow
2,1,59,2024-04-22 16:31:51,50.41959880825745,-100.6173385664475,10,737,50,5.1,yellow
2,1,60,2024-04-22 16:36:51,50.599112347380455,-100.65548254763871,10,750,49,5.0,orange
2,1,61,2024-04-22 16:41:51,50.77862588650346,-100.69377182941194,10,762,49,4.9,orange
2,1,62,2024-04-22 16:46:51,50.95813942562647,-100.73220790172091,10,775,48,4.8,orange
2,1,63,2024-04-22 16:51:51,51.13765296474948,-100.77079227462018,10,787,47,4.7,orange
2,1,64,2024-04-22 16:56:51,51.317166503872485,-100.8095264786396,10,800,46,4.7,orange
2,1,65,2024-04-22 17:01:51,51.49668004299549,-100.84841206516761,10,812,45,4.6,orange
2,1,66,2024-04-22 17:06:51,51.6761935821185,-100.88745060684325,10,825,44,4.5,orange
2,1,67,2024-04-22 17:11:51,51.85570712124151,-100.92664369795747,10,837,44,4.4,orange
2,1,68,2024-04-22 17:16:51,52.035220660364516,-100.96599295486386,10,850,43,4.3,orange
2,1,69,2024-04-22 17:21:51,52.21473419948752,-101.00550001639897,10,862,42,4.2,orange
2,1,70,2024-04-22 17:26:51,52.39424773861053,-101.04516654431269,10,875,41,4.2,orange
2,1,71,2024-04-22 17:31:51,52.57376127773354,-101.08499422370892,10,887,40,4.1,orange
2,1,72,2024-04-22 17:36:51,52.753274816856546,-101.12498476349664,10,900,40,4.0,orange
2,1,73,2024-04-22 17:41:51,52.932788355979554,-101.16513989685201,10,912,39,3.9,orange
2,1,74,2024-04-22 17:46:51,53.11230189510256,-101.20546138169153,10,925,38,3.8,orange
2,1,75,2024-04-22 17:51:51,53.29181543422557,-101.24595100115674,10,937,37,3.8,orange
2,1,76,2024-04-22 17:56:51,53.47132897334858,-101.28661056411069,10,950,36,3.7,orange
2,1,77,2024-04-22 18:01:51,53.650842512471584,-101.32744190564674,10,962,35,3.6,orange
2,1,78,2024-04-22 18:06:51,53.83035605159459,-101.36844688760974,10,975,35,3.5,orange
2,1,79,2024-04-22 18:11:51,54.0098695907176,-101.40962739913022,10,987,34,3.4,orange
2,1,80,2024-04-22 18:16:51,54.18938312984061,-101.45098535717187,10,1000,33,3.3,orange
2,1,81,2024-04-22 18:21:51,54.368896668963615,-101.49252270709276,10,1012,32,3.2,orange
2,1,82,2024-04-22 18:26:51,54.54841020808662,-101.53424142322058,10,1025,31,3.2,orange
2,1,83,2024-04-22 18:31:51,54.72792374720963,-101.57614350944252,10,1037,30,3.1,orange
2,1,84,2024-04-22 18:36:51,54.90743728633264,-101.61823099981014,10,1050,29,3.0,orange
2,1,85,2024-04-22 18:41:51,55.086950825455645,-101.66050595915965,10,1062,29,2.9,orange
2,1,86,2024-04-22 18:46:51,55.26646436457865,-101.70297048374815,10,1075,28,2.8,orange
2,1,87,2024-04-22 18:51:51,55.44597790370166,-101.74562670190626,10,1087,27,2.7,orange
2,1,88,2024-04-22 18:56:51,55.62549144282467,-101.78847677470779,10,1100,26,2.7,orange
2,1,89,2024-04-22 19:01:51,55.805004981947675,-101.83152289665674,10,1112,25,2.6,orange
2,1,90,2024-04-22 19:06:51,55.98451852107068,-101.8747672963924,10,1125,24,2.5,red
2,1,91,2024-04-22 19:11:51,56.16403206019369,-101.91821223741304,10,1137,24,2.4,red
2,1,92,2024-04-22 19:16:51,56.3435455993167,-101.96186001881875,10,1150,23,2.3,red
2,1,93,2024-04-22 19:21:51,56.523059138439706,-102.0057129760741,10,1162,22,2.2,red
2,1,94,2024-04-22 19:26:51,56.70257267756271,-102.04977348179119,10,1175,21,2.2,red
2,1,95,2024-04-22 19:31:51,56.88208621668572,-102.09404394653392,10,1187,20,2.1,red
2,1,96,2024-04-22 19:36:51,57.06159975580873,-102.13852681964383,10,1200,19,2.0,red
2,1,97,2024-04-22 19:41:51,57.241113294931736,-102.18322459008863,10,1212,19,1.9,red
2,1,98,2024-04-22 19:46:51,57.420626834054744,-102.22813978733383,10,1225,18,1.8,red
2,1,99,2024-04-22 19:51:51,57.60014037317775,-102.27327498223848,10,1237,17,1.7,red
2,1,100,2024-04-22 19:56:51,57.77965391230076,-102.31863278797559,10,1250,16,1.7,red
2,1,101,2024-04-22 20:01:51,57.95916745142377,-102.36421586097826,10,1262,15,1.6,red
2,1,102,2024-04-22 20:06:51,58.138680990546774,-102.41002690191227,10,1275,14,1.5,red
2,1,103,2024-04-22 20:11:51,58.31819452966978,-102.4560686566761,10,1287,14,1.4,red
2,1,104,2024-04-22 20:16:51,58.49770806879279,-102.50234391742912,10,1300,13,1.3,red
2,1,105,2024-04-22 20:21:51,58.6772216079158,-102.54885552364928,10,1312,12,1.2,red
2,1,106,2024-04-22 20:26:51,58.856735147038805,-102.59560636322092,10,1325,11,1.2,red
2,1,107,2024-04-22 20:31:51,59.03624868616181,-102.64259937355398,10,1337,10,1.1,red
2,1,108,2024-04-22 20:36:51,59.21576222528482,-102.68983754273565,10,1350,9,1.0,red
2,1,109,2024-04-22 20:41:51,59.39527576440783,-102.73732391071555,10,1362,9,0.9,red
2,1,110,2024-04-22 20:46:51,59.574789303530835,-102.78506157052568,10,1375,8,0.8,red
2,1,111,2024-04-22 20:51:51,59.75430284265384,-102.83305366953637,10,1387,7,0.7,red
2,1,112,2024-04-22 20:56:51,59.93381638177685,-102.88130341074937,10,1400,6,0.7,red
2,1,113,2024-04-22 21:01:51,60.11332992089986,-102.9298140541297,10,1412,5,0.6,red
2,1,114,2024-04-22 21:06:51,60.292843460022866,-102.97858891797735,10,1425,4,0.5,red
2,1,115,2024-04-22 21:11:51,60.47235699914587,-103.0276313803405,10,1437,4,0.4,red
2,1,116,2024-04-22 21:16:51,60.65187053826888,-103.07694488047156,10,1450,3,0.3,red
2,1,117,2024-04-22 21:21:51,60.83138407739189,-103.12653292032789,10,1462,2,0.2,red
2,1,118,2024-04-22 21:26:51,61.010897616514896,-103.17639906611858,10,1475,1,0.2,red
2,1,119,2024-04-22 21:31:51,61.190411155637904,-103.22654694989909,10,1487,0,0.1,red
2,1,120,2024-04-22 21:36:51,61.36992469476091,-103.27698027121566,10,1500,0,0.0,red
3,1,1,2024-04-22 11:41:51,39.84908382569164,-98.81325443397505,50,12,99,50.0,green
3,1,2,2024-04-22 11:46:51,39.86986765138329,-99.0470796230284,50,25,99,49.9,green
3,1,3,2024-04-22 11:51:51,39.89065147707493,-99.28097564079317,50,37,99,49.9,green
3,1,4,2024-04-22 11:56:51,39.91143530276658,-99.51494256098809,50,50,99,49.8,green
3,1,5,2024-04-22 12:01:51,39.93221912845822,-99.74898045741757,50,62,99,49.8,green
3,1,6,2024-04-22 12:06:51,39.953002954149866,-99.98308940397195,50,75,99,49.8,green
3,1,7,2024-04-22 12:11:51,39.97378677984151,-100.21726947462753,50,87,99,49.7,green
3,1,8,2024-04-22 12:16:51,39.994570605533156,-100.45152074344684,50,100,99,49.7,green
3,1,9,2024-04-22 12:21:51,40.0153544312248,-100.6858432845787,50,112,99,49.6,green
3,1,10,2024-04-22 12:26:51,40.036138256916445,-100.9202371722584,50,125,99,49.6,green
3,1,11,2024-04-22 12:31:51,40.05692208260809,-101.15470248080784,50,137,99,49.5,green
3,1,12,2024-04-22 12:36:51,40.077705908299734,-101.38923928463569,50,150,99,49.5,green
3,1,13,2024-04-22 12:41:51,40.09848973399138,-101.62384765823755,50,162,98,49.5,green
3,1,14,2024-04-22 12:46:51,40.11927355968302,-101.85852767619605,50,175,98,49.4,green
3,1,15,2024-04-22 12:51:51,40.14005738537467,-102.09327941318104,50,187,98,49.4,green
3,1,16,2024-04-22 12:56:51,40.16084121106631,-102.32810294394974,50,200,98,49.3,green
3,1,17,2024-04-22 13:01:51,40.18162503675796,-102.5629983433469,50,212,98,49.3,green
3,1,18,2024-04-22 13:06:51,40.2024088624496,-102.7979656863049,50,225,98,49.3,green
3,1,19,2024-04-22 13:11:51,40.223192688141246,-103.03300504784396,50,237,98,49.2,green
3,1,20,2024-04-22 13:16:51,40.24397651383289,-103.26811650307222,50,250,98,49.2,green
3,1,21,2024-04-22 13:21:51,40.264760339524535,-103.503300127186,50,262,98,49.1,green
3,1,22,2024-04-22 13:26:51,40.28554416521618,-103.73855599546984,50,275,98,49.1,green
3,1,23,2024-04-22 13:31:51,40.306327990907825,-103.97388418329673,50,287,98,49.0,green
3,1,24,2024-04-22 13:36:51,40.32711181659947,-104.20928476612822,50,300,98,49.0,green
3,1,25,2024-04-22 13:41:51,40.347895642291114,-104.44475781951459,50,312,97,49.0,green
3,1,26,2024-04-22 13:46:51,40.36867946798276,-104.680303419095,50,325,97,48.9,green
3,1,27,2024-04-22 13:51:51,40.3894632936744,-104.91592164059762,50,337,97,48.9,green
3,1,28,2024-04-22 13:56:51,40.41024711936605,-105.15161255983985,50,350,97,48.8,green
3,1,29,2024-04-22 14:01:51,40.43103094505769,-105.38737625272839,50,362,97,48.8,green
3,1,30,2024-04-22 14:06:51,40.45181477074934,-105.62321279525946,50,375,97,48.8,green
3,1,31,2024-04-22 14:11:51,40.47259859644098,-105.85912226351893,50,387,97,48.7,green
3,1,32,2024-04-22 14:16:51,40.493382422132626,-106.09510473368245,50,400,97,48.7,green
3,1,33,2024-04-22 14:21:51,40.51416624782427,-106.33116028201565,50,412,97,48.6,green
3,1,34,2024-04-22 14:26:51,40.534950073515915,-106.56728898487427,50,425,97,48.6,green
3,1,35,2024-04-22 14:31:51,40.55573389920756,-106.80349091870433,50,437,97,48.5,green
3,1,36,2024-04-22 14:36:51,40.576517724899205,-107.03976616004226,50,450,97,48.5,green
3,1,37,2024-04-22 14:41:51,40.59730155059085,-107.2761147855151,50,462,96,48.5,green
3,1,38,2024-04-22 14:46:51,40.618085376282494,-107.51253687184062,50,475,96,48.4,green
3,1,39,2024-04-22 14:51:51,40.63886920197414,-107.74903249582749,50,487,96,48.4,green
3,1,40,2024-04-22 14:56:51,40.65965302766578,-107.98560173437542,50,500,96,48.3,green
3,1,41,2024-04-22 15:01:51,40.68043685335743,-108.22224466447535,50,512,96,48.3,green
3,1,42,2024-04-22 15:06:51,40.70122067904907,-108.45896136320961,50,525,96,48.3,green
3,1,43,2024-04-22 15:11:51,40.72200450474072,-108.69575190775203,50,537,96,48.2,green
3,1,44,2024-04-22 15:16:51,40.74278833043236,-108.93261637536814,50,550,96,48.2,green
3,1,45,2024-04-22 15:21:51,40.763572156124006,-109.16955484341534,50,562,96,48.1,green
3,1,46,2024-04-22 15:26:51,40.78435598181565,-109.40656738934302,50,575,96,48.1,green
3,1,47,2024-04-22 15:31:51,40.805139807507295,-109.64365409069275,50,587,96,48.0,green
3,1,48,2024-04-22 15:36:51,40.82592363319894,-109.88081502509841,50,600,96,48.0,green
3,1,49,2024-04-22 15:41:51,40.846707458890585,-110.1180502702864,50,612,95,48.0,green
3,1,50,2024-04-22 15:46:51,40.86749128458223,-110.35535990407575,50,625,95,47.9,green
3,1,51,2024-04-22 15:51:51,40.888275110273874,-110.59274400437832,50,637,95,47.9,green
3,1,52,2024-04-22 15:56:51,40.90905893596552,-110.83020264919891,50,650,95,47.8,green
3,1,53,2024-04-22 16:01:51,40.92984276165716,-111.0677359166355,50,662,95,47.8,green
3,1,54,2024-04-22 16:06:51,40.95062658734881,-111.30534388487935,50,675,95,47.8,green
3,1,55,2024-04-22 16:11:51,40.97141041304045,-111.54302663221517,50,687,95,47.7,green
3,1,56,2024-04-22 16:16:51,40.9921942387321,-111.78078423702132,50,700,95,47.7,green
3,1,57,2024-04-22 16:21:51,41.01297806442374,-112.01861677776992,50,712,95,47.6,green
3,1,58,2024-04-22 16:26:51,41.033761890115386,-112.25652433302706,50,725,95,47.6,green
3,1,59,2024-04-22 16:31:51,41.05454571580703,-112.49450698145294,50,737,95,47.5,green
3,1,60,2024-04-22 16:36:51,41.075329541498675,-112.73256480180206,50,750,95,47.5,green
3,1,61,2024-04-22 16:41:51,41.09611336719032,-112.97069787292331,50,762,94,47.5,green
3,1,62,2024-04-22 16:46:51,41.116897192881964,-113.20890627376026,50,775,94,47.4,green
3,1,63,2024-04-22 16:51:51,41.13768101857361,-113.4471900833512,50,787,94,47.4,green
3,1,64,2024-04-22 16:56:51,41.158464844265254,-113.6855493808294,50,800,94,47.3,green
3,1,65,2024-04-22 17:01:51,41.1792486699569,-113.9239842454232,50,812,94,47.3,green
3,1,66,2024-04-22 17:06:51,41.20003249564854,-114.16249475645624,50,825,94,47.3,green
3,1,67,2024-04-22 17:11:51,41.22081632134019,-114.4010809933476,50,837,94,47.2,green
3,1,68,2024-04-22 17:16:51,41.24160014703183,-114.63974303561196,50,850,94,47.2,green
3,1,69,2024-04-22 17:21:51,41.26238397272348,-114.87848096285977,50,862,94,47.1,green
3,1,70,2024-04-22 17:26:51,41.28316779841512,-115.11729485479744,50,875,94,47.1,green
3,1,71,2024-04-22 17:31:51,41.303951624106766,-115.35618479122746,50,887,94,47.0,green
3,1,72,2024-04-22 17:36:51,41.32473544979841,-115.59515085204865,50,900,94,47.0,green
3,1,73,2024-04-22 17:41:51,41.345519275490055,-115.83419311725622,50,912,93,47.0,green
3,1,74,2024-04-22 17:46:51,41.3663031011817,-116.07331166694205,50,925,93,46.9,green
3,1,75,2024-04-22 17:51:51,41.387086926873344,-116.31250658129478,50,937,93,46.9,green
3,1,76,2024-04-22 17:56:51,41.40787075256499,-116.55177794060002,50,950,93,46.8,green
3,1,77,2024-04-22 18:01:51,41.428654578256634,-116.7911258252405,50,962,93,46.8,green
3,1,78,2024-04-22 18:06:51,41.44943840394828,-117.03055031569625,50,975,93,46.8,green
3,1,79,2024-04-22 18:11:51,41.47022222963992,-117.27005149254477,50,987,93,46.7,green
3,1,80,2024-04-22 18:16:51,41.49100605533157,-117.5096294364612,50,1000,93,46.7,green
3,1,81,2024-04-22 18:21:51,41.51178988102321,-117.7492842282185,50,1012,93,46.6,green
3,1,82,2024-04-22 18:26:51,41.53257370671486,-117.98901594868761,50,1025,93,46.6,green
3,1,83,2024-04-22 18:31:51,41.5533575324065,-118.22882467883764,50,1037,93,46.5,green
3,1,84,2024-04-22 18:36:51,41.574141358098146,-118.46871049973602,50,1050,93,46.5,green
3,1,85,2024-04-22 18:41:51,41.59492518378979,-118.70867349254868,50,1062,92,46.5,green
3,1,86,2024-04-22 18:46:51,41.615709009481435,-118.94871373854025,50,1075,92,46.4,green
3,1,87,2024-04-22 18:51:51,41.63649283517308,-119.18883131907418,50,1087,92,46.4,green
3,1,88,2024-04-22 18:56:51,41.657276660864724,-119.42902631561297,50,1100,92,46.3,green
3,1,89,2024-04-22 19:01:51,41.67806048655637,-119.66929880971831,50,1112,92,46.3,green
3,1,90,2024-04-22 19:06:51,41.69884431224801,-119.90964888305129,50,1125,92,46.3,green
3,1,91,2024-04-22 19:11:51,41.71962813793966,-120.15007661737252,50,1137,92,46.2,green
3,1,92,2024-04-22 19:16:51,41.7404119636313,-120.39058209454235,50,1150,92,46.2,green
3,1,93,2024-04-22 19:21:51,41.76119578932295,-120.63116539652104,50,1162,92,46.1,green
3,1,94,2024-04-22 19:26:51,41.78197961501459,-120.87182660536894,50,1175,92,46.1,green
3,1,95,2024-04-22 19:31:51,41.80276344070624,-121.11256580324662,50,1187,92,46.0,green
3,1,96,2024-04-22 19:36:51,41.82354726639788,-121.35338307241514,50,1200,92,46.0,green
3,1,97,2024-04-22 19:41:51,41.844331092089526,-121.59427849523613,50,1212,91,46.0,green
3,1,98,2024-04-22 19:46:51,41.86511491778117,-121.83525215417201,50,1225,91,45.9,green
3,1,99,2024-04-22 19:51:51,41.885898743472815,-122.07630413178622,50,1237,91,45.9,green
3,1,100,2024-04-22 19:56:51,41.90668256916446,-122.31743451074328,50,1250,91,45.8,green
3,1,101,2024-04-22 20:01:51,41.927466394856104,-122.5586433738091,50,1262,91,45.8,green
3,1,102,2024-04-22 20:06:51,41.94825022054775,-122.79993080385107,50,1275,91,45.8,green
3,1,103,2024-04-22 20:11:51,41.96903404623939,-123.04129688383826,50,1287,91,45.7,green
3,1,104,2024-04-22 20:16:51,41.98981787193104,-123.28274169684161,50,1300,91,45.7,green
3,1,105,2024-04-22 20:21:51,42.01060169762268,-123.52426532603414,50,1312,91,45.6,green
3,1,106,2024-04-22 20:26:51,42.03138552331433,-123.76586785469107,50,1325,91,45.6,green
3,1,107,2024-04-22 20:31:51,42.05216934900597,-124.00754936619002,50,1337,91,45.5,green
3,1,108,2024-04-22 20:36:51,42.072953174697616,-124.24930994401124,50,1350,91,45.5,green
3,1,109,2024-04-22 20:41:51,42.09373700038926,-124.49114967173776,50,1362,90,45.5,green
3,1,110,2024-04-22 20:46:51,42.114520826080906,-124.73306863305552,50,1375,90,45.4,green
3,1,111,2024-04-22 20:51:51,42.13530465177255,-124.97506691175366,50,1387,90,45.4,green
3,1,112,2024-04-22 20:56:51,42.156088477464195,-125.21714459172459,50,1400,90,45.3,green
3,1,113,2024-04-22 21:01:51,42.17687230315584,-125.4593017569643,50,1412,90,45.3,green
3,1,114,2024-04-22 21:06:51,42.197656128847484,-125.70153849157239,50,1425,90,45.3,green
3,1,115,2024-04-22 21:11:51,42.21843995453913,-125.94385487975242,50,1437,90,45.2,green
3,1,116,2024-04-22 21:16:51,42.23922378023077,-126.18625100581197,50,1450,90,45.2,green
3,1,117,2024-04-22 21:21:51,42.26000760592242,-126.42872695416287,50,1462,90,45.1,green
3,1,118,2024-04-22 21:26:51,42.28079143161406,-126.67128280932141,50,1475,90,45.1,green
3,1,119,2024-04-22 21:31:51,42.30157525730571,-126.91391865590849,50,1487,90,45.0,green
3,1,120,2024-04-22 21:36:51,42.32235908299735,-127.15663457864981,50,1500,90,45.0,green
3,1,121,2024-04-22 21:41:51,42.343142908688996,-127.39943066237609,50,1512,89,45.0,green
3,1,122,2024-04-22 21:46:51,42.36392673438064,-127.64230699202321,50,1525,89,44.9,green
3,1,123,2024-04-22 21:51:51,42.384710560072286,-127.88526365263243,50,1537,89,44.9,green
3,1,124,2024-04-22 21:56:51,42.40549438576393,-128.1283007293506,50,1550,89,44.8,green
3,1,125,2024-04-22 22:01:51,42.426278211455575,-128.37141830743025,50,1562,89,44.8,green
3,1,126,2024-04-22 22:06:51,42.44706203714722,-128.61461647222993,50,1575,89,44.8,green
3,1,127,2024-04-22 22:11:51,42.467845862838864,-128.85789530921426,50,1587,89,44.7,green
3,1,128,2024-04-22 22:16:51,42.48862968853051,-129.1012549039542,50,1600,89,44.7,green
3,1,129,2024-04-22 22:21:51,42.50941351422215,-129.34469534212724,50,1612,89,44.6,green
3,1,130,2024-04-22 22:26:51,42.5301973399138,-129.58821670951752,50,1625,89,44.6,green
3,1,131,2024-04-22 22:31:51,42.55098116560544,-129.83181909201613,50,1637,89,44.5,green
3,1,132,2024-04-22 22:36:51,42.57176499129709,-130.0755025756212,50,1650,89,44.5,green
3,1,133,2024-04-22 22:41:51,42.59254881698873,-130.31926724643813,50,1662,88,44.5,green
3,1,134,2024-04-22 22:46:51,42.613332642680376,-130.56311319067981,50,1675,88,44.4,green
3,1,135,2024-04-22 22:51:51,42.63411646837202,-130.80704049466684,50,1687,88,44.4,green
3,1,136,2024-04-22 22:56:51,42.654900294063665,-131.05104924482757,50,1700,88,44.3,green
3,1,137,2024-04-22 23:01:51,42.67568411975531,-131.29513952769844,50,1712,88,44.3,green
3,1,138,2024-04-22 23:06:51,42.696467945446955,-131.53931142992417,50,1725,88,44.3,green
3,1,139,2024-04-22 23:11:51,42.7172517711386,-131.78356503825788,50,1737,88,44.2,green
3,1,140,2024-04-22 23:16:51,42.738035596830244,-132.02790043956134,50,1750,88,44.2,green
3,1,141,2024-04-22 23:21:51,42.75881942252189,-132.27231772080512,50,1762,88,44.1,green
3,1,142,2024-04-22 23:26:51,42.77960324821353,-132.51681696906883,50,1775,88,44.1,green
3,1,143,2024-04-22 23:31:51,42.80038707390518,-132.7613982715413,50,1787,88,44.0,green
3,1,144,2024-04-22 23:36:51,42.82117089959682,-133.00606171552081,50,1800,88,44.0,green
3,1,145,2024-04-22 23:41:51,42.84195472528847,-133.25080738841518,50,1812,87,44.0,green
3,1,146,2024-04-22 23:46:51,42.86273855098011,-133.4956353777421,50,1825,87,43.9,green
3,1,147,2024-04-22 23:51:51,42.883522376671756,-133.74054577112926,50,1837,87,43.9,green
3,1,148,2024-04-22 23:56:51,42.9043062023634,-133.98553865631453,50,1850,87,43.8,green
3,1,149,2024-04-23 00:01:51,42.925090028055045,-134.23061412114623,50,1862,87,43.8,green
3,1,150,2024-04-23 00:06:51,42.94587385374669,-134.47577225358324,50,1875,87,43.8,green
3,1,151,2024-04-23 00:11:51,42.966657679438335,-134.7210131416953,50,1887,87,43.7,green
3,1,152,2024-04-23 00:16:51,42.98744150512998,-134.96633687366307,50,1900,87,43.7,green
3,1,153,2024-04-23 00:21:51,43.008225330821624,-135.21174353777852,50,1912,87,43.6,green
3,1,154,2024-04-23 00:26:51,43.02900915651327,-135.45723322244496,50,1925,87,43.6,green
3,1,155,2024-04-23 00:31:51,43.04979298220491,-135.70280601617733,50,1937,87,43.5,green
3,1,156,2024-04-23 00:36:51,43.07057680789656,-135.94846200760242,50,1950,87,43.5,green
3,1,157,2024-04-23 00:41:51,43.0913606335882,-136.19420128545897,50,1962,86,43.5,green
3,1,158,2024-04-23 00:46:51,43.11214445927985,-136.44002393859796,50,1975,86,43.4,green
3,1,159,2024-04-23 00:51:51,43.13292828497149,-136.6859300559828,50,1987,86,43.4,green
3,1,160,2024-04-23 00:56:51,43.153712110663136,-136.93191972668953,50,2000,86,43.3,green
4,1,1,2024-04-22 11:41:51,39.881714011169514,-98.27352302667329,10,16,98,9.9,green
4,1,2,2024-04-22 11:46:51,39.93512802233903,-97.96730783735006,10,33,97,9.8,green
4,1,3,2024-04-22 11:51:51,39.988542033508544,-97.66085379427503,10,50,96,9.7,green
4,1,4,2024-04-22 11:56:51,40.04195604467806,-97.35416025778366,10,66,95,9.6,green
4,1,5,2024-04-22 12:01:51,40.095370055847575,-97.04722658629383,10,83,94,9.4,green
4,1,6,2024-04-22 12:06:51,40.14878406701709,-96.7400521362973,10,100,93,9.3,green
4,1,7,2024-04-22 12:11:51,40.202198078186605,-96.43263626235115,10,116,92,9.2,green
4,1,8,2024-04-22 12:16:51,40.25561208935612,-96.12497831706935,10,133,91,9.1,green
4,1,9,2024-04-22 12:21:51,40.309026100525635,-95.817077651114,10,150,90,9.0,green
4,1,10,2024-04-22 12:26:51,40.36244011169515,-95.5089336131868,10,166,88,8.9,green
4,1,11,2024-04-22 12:31:51,40.415854122864665,-95.20054555002025,10,183,87,8.8,green
4,1,12,2024-04-22 12:36:51,40.46926813403418,-94.89191280636899,10,199,86,8.7,green
4,1,13,2024-04-22 12:41:51,40.522682145203696,-94.58303472500094,10,216,85,8.6,green
4,1,14,2024-04-22 12:46:51,40.57609615637321,-94.27391064668849,10,233,84,8.4,green
4,1,15,2024-04-22 12:51:51,40.629510167542726,-93.9645399101996,10,249,83,8.3,green
4,1,16,2024-04-22 12:56:51,40.68292417871224,-93.6549218522889,10,266,82,8.2,green
4,1,17,2024-04-22 13:01:51,40.73633818988176,-93.34505580768862,10,283,81,8.1,green
4,1,18,2024-04-22 13:06:51,40.78975220105127,-93.03494110909969,10,300,80,8.0,green
4,1,19,2024-04-22 13:11:51,40.84316621222079,-92.72457708718254,10,316,78,7.9,green
4,1,20,2024-04-22 13:16:51,40.8965802233903,-92.41396307054802,10,333,77,7.8,green
4,1,21,2024-04-22 13:21:51,40.94999423455982,-92.10309838574824,10,350,76,7.7,green
4,1,22,2024-04-22 13:26:51,41.00340824572933,-91.79198235726732,10,366,75,7.6,green
4,1,23,2024-04-22 13:31:51,41.05682225689885,-91.48061430751208,10,383,74,7.4,yellow
4,1,24,2024-04-22 13:36:51,41.11023626806836,-91.1689935568028,10,400,73,7.3,yellow
4,1,25,2024-04-22 13:41:51,41.16365027923788,-90.85711942336376,10,416,72,7.2,yellow
4,1,26,2024-04-22 13:46:51,41.21706429040739,-90.54499122331383,10,433,71,7.1,yellow
4,1,27,2024-04-22 13:51:51,41.27047830157691,-90.23260827065704,10,450,70,7.0,yellow
4,1,28,2024-04-22 13:56:51,41.32389231274642,-89.91996987727299,10,466,68,6.9,yellow
4,1,29,2024-04-22 14:01:51,41.37730632391594,-89.60707535290727,10,483,67,6.8,yellow
4,1,30,2024-04-22 14:06:51,41.430720335085454,-89.29392400516187,10,500,66,6.7,yellow
4,1,31,2024-04-22 14:11:51,41.48413434625497,-88.98051513948545,10,516,65,6.6,yellow
4,1,32,2024-04-22 14:16:51,41.537548357424484,-88.66684805916361,10,533,64,6.4,yellow
4,1,33,2024-04-22 14:21:51,41.590962368594,-88.35292206530912,10,550,63,6.3,yellow
4,1,34,2024-04-22 14:26:51,41.644376379763514,-88.03873645685204,10,566,62,6.2,yellow
4,1,35,2024-04-22 14:31:51,41.69779039093303,-87.72429053052981,10,583,61,6.1,yellow
4,1,36,2024-04-22 14:36:51,41.751204402102545,-87.40958358087737,10,600,60,6.0,yellow
4,1,37,2024-04-22 14:41:51,41.80461841327206,-87.09461490021704,10,616,58,5.9,yellow
4,1,38,2024-04-22 14:46:51,41.858032424441575,-86.77938377864854,10,633,57,5.8,yellow
4,1,39,2024-04-22 14:51:51,41.91144643561109,-86.46388950403883,10,649,56,5.7,yellow
4,1,40,2024-04-22 14:56:51,41.964860446780605,-86.14813136201197,10,666,55,5.6,yellow
4,1,41,2024-04-22 15:01:51,42.01827445795012,-85.83210863593881,10,683,54,5.4,yellow
4,1,42,2024-04-22 15:06:51,42.071688469119636,-85.51582060692681,10,699,53,5.3,yellow
4,1,43,2024-04-22 15:11:51,42.12510248028915,-85.19926655380961,10,716,52,5.2,yellow
4,1,44,2024-04-22 15:16:51,42.178516491458666,-84.88244575313665,10,733,51,5.1,yellow
4,1,45,2024-04-22 15:21:51,42.23193050262818,-84.56535747916274,10,749,50,5.0,yellow
4,1,46,2024-04-22 15:26:51,42.285344513797696,-84.24800100383749,10,766,48,4.9,orange
4,1,47,2024-04-22 15:31:51,42.33875852496721,-83.93037559679476,10,783,47,4.8,orange
4,1,48,2024-04-22 15:36:51,42.39217253613673,-83.61248052534205,10,799,46,4.7,orange
4,1,49,2024-04-22 15:41:51,42.44558654730624,-83.29431505444974,10,816,45,4.6,orange
4,1,50,2024-04-22 15:46:51,42.49900055847576,-82.97587844674041,10,833,44,4.4,orange
4,1,51,2024-04-22 15:51:51,42.55241456964527,-82.65716996247798,10,849,43,4.3,orange
4,1,52,2024-04-22 15:56:51,42.60582858081479,-82.33818885955682,10,866,42,4.2,orange
4,1,53,2024-04-22 16:01:51,42.6592425919843,-82.01893439349088,10,883,41,4.1,orange
4,1,54,2024-04-22 16:06:51,42.71265660315382,-81.69940581740262,10,899,40,4.0,orange
4,1,55,2024-04-22 16:11:51,42.76607061432333,-81.37960238201201,10,916,38,3.9,orange
4,1,56,2024-04-22 16:16:51,42.81948462549285,-81.05952333562536,10,933,37,3.8,orange
4,1,57,2024-04-22 16:21:51,42.87289863666236,-80.73916792412417,10,949,36,3.7,orange
4,1,58,2024-04-22 16:26:51,42.92631264783188,-80.41853539095389,10,966,35,3.6,orange
4,1,59,2024-04-22 16:31:51,42.97972665900139,-80.09762497711256,10,983,34,3.4,orange
4,1,60,2024-04-22 16:36:51,43.03314067017091,-79.77643592113951,10,999,33,3.3,orange
4,1,61,2024-04-22 16:41:51,43.086554681340424,-79.45496745910386,10,1016,32,3.2,orange
4,1,62,2024-04-22 16:46:51,43.13996869250994,-79.13321882459304,10,1033,31,3.1,orange
4,1,63,2024-04-22 16:51:51,43.193382703679454,-78.81118924870127,10,1049,30,3.0,orange
4,1,64,2024-04-22 16:56:51,43.24679671484897,-78.48887796001782,10,1066,28,2.9,orange
4,1,65,2024-04-22 17:01:51,43.300210726018484,-78.16628418461542,10,1083,27,2.8,orange
4,1,66,2024-04-22 17:06:51,43.353624737188,-77.84340714603843,10,1099,26,2.7,orange
4,1,67,2024-04-22 17:11:51,43.407038748357515,-77.52024606529105,10,1116,25,2.6,orange
4,1,68,2024-04-22 17:16:51,43.46045275952703,-77.19680016082536,10,1133,24,2.4,red
4,1,69,2024-04-22 17:21:51,43.513866770696545,-76.87306864852944,10,1149,23,2.3,red
4,1,70,2024-04-22 17:26:51,43.56728078186606,-76.54905074171525,10,1166,22,2.2,red
4,1,71,2024-04-22 17:31:51,43.620694793035575,-76.22474565110657,10,1183,21,2.1,red
4,1,72,2024-04-22 17:36:51,43.67410880420509,-75.90015258482683,10,1199,20,2.0,red
4,1,73,2024-04-22 17:41:51,43.727522815374606,-75.57527074838684,10,1216,18,1.9,red
4,1,74,2024-04-22 17:46:51,43.78093682654412,-75.25009934467252,10,1233,17,1.8,red
4,1,75,2024-04-22 17:51:51,43.834350837713636,-74.92463757393246,10,1250,16,1.7,red
4,1,76,2024-04-22 17:56:51,43.88776484888315,-74.59888463376551,10,1266,15,1.6,red
4,1,77,2024-04-22 18:01:51,43.941178860052666,-74.27283971910823,10,1283,14,1.4,red
4,1,78,2024-04-22 18:06:51,43.99459287122218,-73.9465020222223,10,1300,13,1.3,red
4,1,79,2024-04-22 18:11:51,44.0480068823917,-73.61987073268186,10,1316,12,1.2,red
4,1,80,2024-04-22 18:16:51,44.10142089356121,-73.29294503736072,10,1333,11,1.1,red
4,1,81,2024-04-22 18:21:51,44.15483490473073,-72.9657241204196,10,1350,10,1.0,red
4,1,82,2024-04-22 18:26:51,44.20824891590024,-72.63820716329319,10,1366,8,0.9,red
4,1,83,2024-04-22 18:31:51,44.26166292706976,-72.31039334467722,10,1383,7,0.8,red
4,1,84,2024-04-22 18:36:51,44.31507693823927,-71.9822818405154,10,1400,6,0.7,red
4,1,85,2024-04-22 18:41:51,44.36849094940879,-71.65387182398626,10,1416,5,0.6,red
4,1,86,2024-04-22 18:46:51,44.4219049605783,-71.32516246549007,10,1433,4,0.4,red
4,1,87,2024-04-22 18:51:51,44.47531897174782,-70.99615293263543,10,1450,3,0.3,red
4,1,88,2024-04-22 18:56:51,44.52873298291733,-70.666842390226,10,1466,2,0.2,red
4,1,89,2024-04-22 19:01:51,44.58214699408685,-70.33723000024708,10,1483,1,0.1,red
4,1,90,2024-04-22 19:06:51,44.63556100525636,-70.00731492185206,10,1500,0,0.0,red
4,1,91,2024-04-22 19:11:51,44.68897501642588,-69.67709631134886,10,1516,0,0.0,red
5,1,1,2024-04-22 11:41:51,39.81072699161549,-98.73470260407053,10,8,99,10.0,green
5,1,2,2024-04-22 11:46:51,39.79315398323098,-98.88986552549744,10,16,99,9.9,green
5,1,3,2024-04-22 11:51:51,39.77558097484647,-99.04498879915644,10,25,99,9.9,green
5,1,4,2024-04-22 11:56:51,39.75800796646196,-99.20007245988909,10,33,98,9.9,green
5,1,5,2024-04-22 12:01:51,39.74043495807745,-99.35511654250277,10,41,98,9.9,green
5,1,6,2024-04-22 12:06:51,39.72286194969294,-99.51012108177083,10,50,98,9.8,green
5,1,7,2024-04-22 12:11:51,39.70528894130843,-99.66508611243258,10,58,98,9.8,green
5,1,8,2024-04-22 12:16:51,39.68771593292392,-99.82001166919328,10,66,97,9.8,green
5,1,9,2024-04-22 12:21:51,39.67014292453941,-99.97489778672433,10,75,97,9.7,green
5,1,10,2024-04-22 12:26:51,39.6525699161549,-100.12974449966319,10,83,97,9.7,green
5,1,11,2024-04-22 12:31:51,39.63499690777039,-100.2845518426135,10,91,96,9.7,green
5,1,12,2024-04-22 12:36:51,39.617423899385884,-100.4393198501451,10,99,96,9.7,green
5,1,13,2024-04-22 12:41:51,39.599850891001374,-100.59404855679408,10,108,96,9.6,green
5,1,14,2024-04-22 12:46:51,39.582277882616864,-100.74873799706286,10,116,96,9.6,green
5,1,15,2024-04-22 12:51:51,39.564704874232355,-100.90338820542021,10,124,95,9.6,green
5,1,16,2024-04-22 12:56:51,39.547131865847845,-101.05799921630128,10,133,95,9.6,green
5,1,17,2024-04-22 13:01:51,39.529558857463336,-101.21257106410769,10,141,95,9.5,green
5,1,18,2024-04-22 13:06:51,39.511985849078826,-101.36710378320755,10,150,94,9.5,green
5,1,19,2024-04-22 13:11:51,39.49441284069432,-101.52159740793553,10,158,94,9.5,green
5,1,20,2024-04-22 13:16:51,39.47683983230981,-101.67605197259289,10,166,94,9.4,green
5,1,21,2024-04-22 13:21:51,39.4592668239253,-101.83046751144752,10,175,94,9.4,green
5,1,22,2024-04-22 13:26:51,39.44169381554079,-101.98484405873403,10,183,93,9.4,green
5,1,23,2024-04-22 13:31:51,39.42412080715628,-102.13918164865373,10,191,93,9.4,green
5,1,24,2024-04-22 13:36:51,39.40654779877177,-102.29348031537477,10,200,93,9.3,green
5,1,25,2024-04-22 13:41:51,39.38897479038726,-102.44774009303208,10,208,93,9.3,green
5,1,26,2024-04-22 13:46:51,39.37140178200275,-102.60196101572751,10,216,92,9.3,green
5,1,27,2024-04-22 13:51:51,39.35382877361824,-102.75614311752983,10,225,92,9.2,green
5,1,28,2024-04-22 13:56:51,39.33625576523373,-102.91028643247479,10,233,92,9.2,green
5,1,29,2024-04-22 14:01:51,39.31868275684922,-103.06439099456516,10,241,91,9.2,green
5,1,30,2024-04-22 14:06:51,39.30110974846471,-103.21845683777079,10,250,91,9.2,green
5,1,31,2024-04-22 14:11:51,39.2835367400802,-103.37248399602863,10,258,91,9.1,green
5,1,32,2024-04-22 14:16:51,39.26596373169569,-103.52647250324284,10,266,91,9.1,green
5,1,33,2024-04-22 14:21:51,39.24839072331118,-103.68042239328474,10,275,90,9.1,green
5,1,34,2024-04-22 14:26:51,39.23081771492667,-103.83433369999295,10,283,90,9.1,green
5,1,35,2024-04-22 14:31:51,39.21324470654216,-103.98820645717339,10,291,90,9.0,green
5,1,36,2024-04-22 14:36:51,39.19567169815765,-104.14204069859932,10,300,89,9.0,green
5,1,37,2024-04-22 14:41:51,39.178098689773144,-104.29583645801141,10,308,89,9.0,green
5,1,38,2024-04-22 14:46:51,39.160525681388634,-104.44959376911778,10,316,89,8.9,green
5,1,39,2024-04-22 14:51:51,39.142952673004125,-104.60331266559406,10,324,89,8.9,green
5,1,40,2024-04-22 14:56:51,39.125379664619615,-104.75699318108339,10,333,88,8.9,green
5,1,41,2024-04-22 15:01:51,39.107806656235105,-104.91063534919651,10,341,88,8.9,green
5,1,42,2024-04-22 15:06:51,39.090233647850596,-105.0642392035118,10,349,88,8.8,green
5,1,43,2024-04-22 15:11:51,39.072660639466086,-105.21780477757534,10,358,88,8.8,green
5,1,44,2024-04-22 15:16:51,39.05508763108158,-105.37133210490089,10,366,87,8.8,green
5,1,45,2024-04-22 15:21:51,39.03751462269707,-105.52482121897,10,374,87,8.7,green
5,1,46,2024-04-22 15:26:51,39.01994161431256,-105.67827215323207,10,383,87,8.7,green
5,1,47,2024-04-22 15:31:51,39.00236860592805,-105.83168494110433,10,391,86,8.7,green
5,1,48,2024-04-22 15:36:51,38.98479559754354,-105.98505961597193,10,399,86,8.7,green
5,1,49,2024-04-22 15:41:51,38.96722258915903,-106.13839621118798,10,408,86,8.6,green
5,1,50,2024-04-22 15:46:51,38.94964958077452,-106.29169476007358,10,416,86,8.6,green
5,1,51,2024-04-22 15:51:51,38.93207657239001,-106.4449552959179,10,424,85,8.6,green
5,1,52,2024-04-22 15:56:51,38.9145035640055,-106.59817785197816,10,433,85,8.6,green
5,1,53,2024-04-22 16:01:51,38.89693055562099,-106.75136246147979,10,441,85,8.5,green
5,1,54,2024-04-22 16:06:51,38.87935754723648,-106.90450915761635,10,449,84,8.5,green
5,1,55,2024-04-22 16:11:51,38.86178453885197,-107.05761797354963,10,458,84,8.5,green
5,1,56,2024-04-22 16:16:51,38.84421153046746,-107.2106889424097,10,466,84,8.4,green
5,1,57,2024-04-22 16:21:51,38.82663852208295,-107.36372209729498,10,474,84,8.4,green
5,1,58,2024-04-22 16:26:51,38.80906551369844,-107.51671747127222,10,483,83,8.4,green
5,1,59,2024-04-22 16:31:51,38.79149250531393,-107.66967509737658,10,491,83,8.4,green
5,1,60,2024-04-22 16:36:51,38.77391949692942,-107.82259500861171,10,499,83,8.3,green
5,1,61,2024-04-22 16:41:51,38.756346488544914,-107.97547723794973,10,508,83,8.3,green
5,1,62,2024-04-22 16:46:51,38.738773480160404,-108.1283218183313,10,516,82,8.3,green
5,1,63,2024-04-22 16:51:51,38.721200471775894,-108.28112878266569,10,524,82,8.2,green
5,1,64,2024-04-22 16:56:51,38.703627463391385,-108.43389816383079,10,533,82,8.2,green
5,1,65,2024-04-22 17:01:51,38.686054455006875,-108.58662999467317,10,541,81,8.2,green
5,1,66,2024-04-22 17:06:51,38.668481446622366,-108.73932430800814,10,549,81,8.2,green
5,1,67,2024-04-22 17:11:51,38.650908438237856,-108.89198113661975,10,558,81,8.1,green
5,1,68,2024-04-22 17:16:51,38.63333542985335,-109.04460051326089,10,566,81,8.1,green
5,1,69,2024-04-22 17:21:51,38.61576242146884,-109.19718247065327,10,574,80,8.1,green
5,1,70,2024-04-22 17:26:51,38.59818941308433,-109.34972704148754,10,583,80,8.1,green
5,1,71,2024-04-22 17:31:51,38.58061640469982,-109.50223425842327,10,591,80,8.0,green
5,1,72,2024-04-22 17:36:51,38.56304339631531,-109.65470415408903,10,599,79,8.0,green
5,1,73,2024-04-22 17:41:51,38.5454703879308,-109.80713676108242,10,608,79,8.0,green
5,1,74,2024-04-22 17:46:51,38.52789737954629,-109.95953211197009,10,616,79,7.9,green
5,1,75,2024-04-22 17:51:51,38.51032437116178,-110.11189023928786,10,625,79,7.9,green
5,1,76,2024-04-22 17:56:51,38.49275136277727,-110.26421117554068,10,633,78,7.9,green
5,1,77,2024-04-22 18:01:51,38.47517835439276,-110.41649495320272,10,641,78,7.9,green
5,1,78,2024-04-22 18:06:51,38.45760534600825,-110.56874160471739,10,650,78,7.8,green
5,1,79,2024-04-22 18:11:51,38.44003233762374,-110.7209511624974,10,658,78,7.8,green
5,1,80,2024-04-22 18:16:51,38.42245932923923,-110.87312365892481,10,666,77,7.8,green
5,1,81,2024-04-22 18:21:51,38.40488632085472,-111.02525912635105,10,675,77,7.7,green
5,1,82,2024-04-22 18:26:51,38.38731331247021,-111.17735759709696,10,683,77,7.7,green
5,1,83,2024-04-22 18:31:51,38.3697403040857,-111.32941910345288,10,691,76,7.7,green
5,1,84,2024-04-22 18:36:51,38.35216729570119,-111.48144367767864,10,700,76,7.7,green
5,1,85,2024-04-22 18:41:51,38.33459428731668,-111.63343135200364,10,708,76,7.6,green
5,1,86,2024-04-22 18:46:51,38.317021278932174,-111.78538215862686,10,716,76,7.6,green
5,1,87,2024-04-22 18:51:51,38.299448270547664,-111.93729612971693,10,725,75,7.6,green
5,1,88,2024-04-22 18:56:51,38.281875262163155,-112.08917329741216,10,733,75,7.6,green
5,1,89,2024-04-22 19:01:51,38.264302253778645,-112.24101369382059,10,741,75,7.5,green
5,1,90,2024-04-22 19:06:51,38.246729245394135,-112.39281735102003,10,750,74,7.5,yellow
5,1,91,2024-04-22 19:11:51,38.229156237009626,-112.5445843010581,10,758,74,7.5,yellow
5,1,92,2024-04-22 19:16:51,38.211583228625116,-112.69631457595226,10,766,74,7.4,yellow
5,1,93,2024-04-22 19:21:51,38.19401022024061,-112.84800820768989,10,775,74,7.4,yellow
5,1,94,2024-04-22 19:26:51,38.1764372118561,-112.9996652282283,10,783,73,7.4,yellow
5,1,95,2024-04-22 19:31:51,38.15886420347159,-113.15128566949475,10,791,73,7.4,yellow
5,1,96,2024-04-22 19:36:51,38.14129119508708,-113.3028695633866,10,800,73,7.3,yellow
5,1,97,2024-04-22 19:41:51,38.12371818670257,-113.4544169417712,10,808,73,7.3,yellow
5,1,98,2024-04-22 19:46:51,38.10614517831806,-113.60592783648605,10,816,72,7.3,yellow
5,1,99,2024-04-22 19:51:51,38.08857216993355,-113.75740227933878,10,825,72,7.2,yellow
5,1,100,2024-04-22 19:56:51,38.07099916154904,-113.90884030210721,10,833,72,7.2,yellow
5,1,101,2024-04-22 20:01:51,38.05342615316453,-114.06024193653941,10,841,71,7.2,yellow
5,1,102,2024-04-22 20:06:51,38.03585314478002,-114.21160721435373,10,850,71,7.2,yellow
5,1,103,2024-04-22 20:11:51,38.01828013639551,-114.36293616723883,10,858,71,7.1,yellow
5,1,104,2024-04-22 20:16:51,38.000707128011,-114.51422882685372,10,866,71,7.1,yellow
5,1,105,2024-04-22 20:21:51,37.98313411962649,-114.66548522482783,10,875,70,7.1,yellow
5,1,106,2024-04-22 20:26:51,37.96556111124198,-114.81670539276101,10,883,70,7.1,yellow
5,1,107,2024-04-22 20:31:51,37.94798810285747,-114.96788936222362,10,891,70,7.0,yellow
5,1,108,2024-04-22 20:36:51,37.93041509447296,-115.1190371647565,10,900,69,7.0,yellow
5,1,109,2024-04-22 20:41:51,37.91284208608845,-115.27014883187114,10,908,69,7.0,yellow
5,1,110,2024-04-22 20:46:51,37.895269077703944,-115.42122439504955,10,916,69,6.9,yellow
5,1,111,2024-04-22 20:51:51,37.877696069319434,-115.57226388574445,10,925,69,6.9,yellow
5,1,112,2024-04-22 20:56:51,37.860123060934924,-115.72326733537922,10,933,68,6.9,yellow
5,1,113,2024-04-22 21:01:51,37.842550052550415,-115.87423477534799,10,941,68,6.9,yellow
5,1,114,2024-04-22 21:06:51,37.824977044165905,-116.02516623701564,10,950,68,6.8,yellow
5,1,115,2024-04-22 21:11:51,37.807404035781396,-116.1760617517179,10,958,68,6.8,yellow
5,1,116,2024-04-22 21:16:51,37.789831027396886,-116.32692135076132,10,966,67,6.8,yellow
5,1,117,2024-04-22 21:21:51,37.77225801901238,-116.47774506542339,10,975,67,6.7,yellow
5,1,118,2024-04-22 21:26:51,37.75468501062787,-116.62853292695249,10,983,67,6.7,yellow
5,1,119,2024-04-22 21:31:51,37.73711200224336,-116.77928496656799,10,991,66,6.7,yellow
5,1,120,2024-04-22 21:36:51,37.71953899385885,-116.93000121546028,10,1000,66,6.7,yellow
5,1,121,2024-04-22 21:41:51,37.70196598547434,-117.08068170479083,10,1008,66,6.6,yellow
5,1,122,2024-04-22 21:46:51,37.68439297708983,-117.23132646569219,10,1016,66,6.6,yellow
5,1,123,2024-04-22 21:51:51,37.66681996870532,-117.38193552926805,10,1025,65,6.6,yellow
5,1,124,2024-04-22 21:56:51,37.64924696032081,-117.53250892659328,10,1033,65,6.6,yellow
5,1,125,2024-04-22 22:01:51,37.6316739519363,-117.68304668871399,10,1041,65,6.5,yellow
5,1,126,2024-04-22 22:06:51,37.61410094355179,-117.83354884664752,10,1050,64,6.5,yellow
5,1,127,2024-04-22 22:11:51,37.59652793516728,-117.98401543138253,10,1058,64,6.5,yellow
5,1,128,2024-04-22 22:16:51,37.57895492678277,-118.13444647387901,10,1066,64,6.4,yellow
5,1,129,2024-04-22 22:21:51,37.56138191839826,-118.28484200506834,10,1075,64,6.4,yellow
5,1,130,2024-04-22 22:26:51,37.54380891001375,-118.43520205585334,10,1083,63,6.4,yellow
5,1,131,2024-04-22 22:31:51,37.52623590162924,-118.58552665710825,10,1091,63,6.4,yellow
5,1,132,2024-04-22 22:36:51,37.50866289324473,-118.73581583967882,10,1100,63,6.3,yellow
5,1,133,2024-04-22 22:41:51,37.49108988486022,-118.88606963438238,10,1108,63,6.3,yellow
5,1,134,2024-04-22 22:46:51,37.47351687647571,-119.03628807200779,10,1116,62,6.3,yellow
5,1,135,2024-04-22 22:51:51,37.455943868091204,-119.18647118331558,10,1125,62,6.2,yellow
5,1,136,2024-04-22 22:56:51,37.438370859706694,-119.33661899903788,10,1133,62,6.2,yellow
5,1,137,2024-04-22 23:01:51,37.420797851322185,-119.48673154987857,10,1141,61,6.2,yellow
5,1,138,2024-04-22 23:06:51,37.403224842937675,-119.63680886651325,10,1150,61,6.2,yellow
5,1,139,2024-04-22 23:11:51,37.385651834553165,-119.78685097958929,10,1158,61,6.1,yellow
5,1,140,2024-04-22 23:16:51,37.368078826168656,-119.9368579197259,10,1166,61,6.1,yellow
5,1,141,2024-04-22 23:21:51,37.350505817784146,-120.0868297175141,10,1175,60,6.1,yellow
5,1,142,2024-04-22 23:26:51,37.33293280939964,-120.23676640351688,10,1183,60,6.1,yellow
5,1,143,2024-04-22 23:31:51,37.31535980101513,-120.38666800826911,10,1191,60,6.0,yellow
5,1,144,2024-04-22 23:36:51,37.29778679263062,-120.53653456227764,10,1200,59,6.0,yellow
5,1,145,2024-04-22 23:41:51,37.28021378424611,-120.68636609602135,10,1208,59,6.0,yellow
5,1,146,2024-04-22 23:46:51,37.2626407758616,-120.83616263995114,10,1216,59,5.9,yellow
5,1,147,2024-04-22 23:51:51,37.24506776747709,-120.98592422449005,10,1225,59,5.9,yellow
5,1,148,2024-04-22 23:56:51,37.22749475909258,-121.13565088003321,10,1233,58,5.9,yellow
5,1,149,2024-04-23 00:01:51,37.20992175070807,-121.28534263694795,10,1241,58,5.9,yellow
5,1,150,2024-04-23 00:06:51,37.19234874232356,-121.43499952557376,10,1249,58,5.8,yellow
5,1,151,2024-04-23 00:11:51,37.17477573393905,-121.58462157622242,10,1258,58,5.8,yellow
5,1,152,2024-04-23 00:16:51,37.15720272555454,-121.73420881917798,10,1266,57,5.8,yellow
5,1,153,2024-04-23 00:21:51,37.13962971717003,-121.88376128469682,10,1274,57,5.7,yellow
5,1,154,2024-04-23 00:26:51,37.12205670878552,-122.03327900300766,10,1283,57,5.7,yellow
5,1,155,2024-04-23 00:31:51,37.10448370040101,-122.18276200431166,10,1291,56,5.7,yellow
5,1,156,2024-04-23 00:36:51,37.0869106920165,-122.33221031878236,10,1299,56,5.7,yellow
5,1,157,2024-04-23 00:41:51,37.06933768363199,-122.48162397656581,10,1308,56,5.6,yellow
5,1,158,2024-04-23 00:46:51,37.05176467524748,-122.63100300778059,10,1316,56,5.6,yellow
5,1,159,2024-04-23 00:51:51,37.034191666862974,-122.78034744251781,10,1324,55,5.6,yellow
5,1,160,2024-04-23 00:56:51,37.016618658478464,-122.92965731084116,10,1333,55,5.6,yellow
5,1,161,2024-04-23 01:01:51,36.999045650093954,-123.07893264278701,10,1341,55,5.5,yellow
5,1,162,2024-04-23 01:06:51,36.981472641709445,-123.22817346836433,10,1349,54,5.5,yellow
5,1,163,2024-04-23 01:11:51,36.963899633324935,-123.37737981755484,10,1358,54,5.5,yellow
5,1,164,2024-04-23 01:16:51,36.946326624940426,-123.52655172031298,10,1366,54,5.4,yellow
5,1,165,2024-04-23 01:21:51,36.928753616555916,-123.67568920656598,10,1374,54,5.4,yellow
5,1,166,2024-04-23 01:26:51,36.91118060817141,-123.82479230621388,10,1383,53,5.4,yellow
5,1,167,2024-04-23 01:31:51,36.8936075997869,-123.9738610491296,10,1391,53,5.4,yellow
5,1,168,2024-04-23 01:36:51,36.87603459140239,-124.12289546515892,10,1399,53,5.3,yellow
5,1,169,2024-04-23 01:41:51,36.85846158301788,-124.27189558412057,10,1408,53,5.3,yellow
5,1,170,2024-04-23 01:46:51,36.84088857463337,-124.42086143580624,10,1416,52,5.3,yellow
5,1,171,2024-04-23 01:51:51,36.82331556624886,-124.56979304998063,10,1424,52,5.2,yellow
5,1,172,2024-04-23 01:56:51,36.80574255786435,-124.71869045638148,10,1433,52,5.2,yellow
5,1,173,2024-04-23 02:01:51,36.78816954947984,-124.86755368471961,10,1441,51,5.2,yellow
5,1,174,2024-04-23 02:06:51,36.77059654109533,-125.01638276467897,10,1449,51,5.2,yellow
5,1,175,2024-04-23 02:11:51,36.75302353271082,-125.16517772591662,10,1458,51,5.1,yellow
5,1,176,2024-04-23 02:16:51,36.73545052432631,-125.31393859806288,10,1466,51,5.1,yellow
5,1,177,2024-04-23 02:21:51,36.7178775159418,-125.46266541072124,10,1474,50,5.1,yellow
5,1,178,2024-04-23 02:26:51,36.70030450755729,-125.61135819346849,10,1483,50,5.1,yellow
5,1,179,2024-04-23 02:31:51,36.68273149917278,-125.7600169758547,10,1491,50,5.0,yellow
5,1,180,2024-04-23 02:36:51,36.66515849078827,-125.9086417874033,10,1499,49,5.0,orange
5,1,181,2024-04-23 02:41:51,36.64758548240376,-126.05723265761107,10,1508,49,5.0,orange
5,1,182,2024-04-23 02:46:51,36.63001247401925,-126.20578961594822,10,1516,49,4.9,orange
5,1,183,2024-04-23 02:51:51,36.61243946563474,-126.35431269185842,10,1524,49,4.9,orange
5,1,184,2024-04-23 02:56:51,36.594866457250234,-126.5028019147588,10,1533,48,4.9,orange
5,1,185,2024-04-23 03:01:51,36.577293448865724,-126.65125731404004,10,1541,48,4.9,orange
5,1,186,2024-04-23 03:06:51,36.559720440481215,-126.79967891906634,10,1549,48,4.8,orange
5,1,187,2024-04-23 03:11:51,36.542147432096705,-126.94806675917553,10,1558,48,4.8,orange
5,1,188,2024-04-23 03:16:51,36.524574423712195,-127.09642086367907,10,1566,47,4.8,orange
5,1,189,2024-04-23 03:21:51,36.507001415327686,-127.24474126186207,10,1574,47,4.7,orange
5,1,190,2024-04-23 03:26:51,36.489428406943176,-127.39302798298337,10,1583,47,4.7,orange
5,1,191,2024-04-23 03:31:51,36.47185539855867,-127.54128105627552,10,1591,46,4.7,orange
5,1,192,2024-04-23 03:36:51,36.45428239017416,-127.68950051094487,10,1599,46,4.7,orange
5,1,193,2024-04-23 03:41:51,36.43670938178965,-127.83768637617156,10,1608,46,4.6,orange
5,1,194,2024-04-23 03:46:51,36.41913637340514,-127.9858386811096,10,1616,46,4.6,orange
5,1,195,2024-04-23 03:51:51,36.40156336502063,-128.13395745488688,10,1624,45,4.6,orange
5,1,196,2024-04-23 03:56:51,36.38399035663612,-128.2820427266052,10,1633,45,4.6,orange
5,1,197,2024-04-23 04:01:51,36.36641734825161,-128.43009452534034,10,1641,45,4.5,orange
5,1,198,2024-04-23 04:06:51,36.3488443398671,-128.57811288014204,10,1649,44,4.5,orange
5,1,199,2024-04-23 04:11:51,36.33127133148259,-128.72609782003408,10,1658,44,4.5,orange
5,1,200,2024-04-23 04:16:51,36.31369832309808,-128.87404937401433,10,1666,44,4.4,orange
5,1,201,2024-04-23 04:21:51,36.29612531471357,-129.02196757105474,10,1674,44,4.4,orange
5,1,202,2024-04-23 04:26:51,36.27855230632906,-129.16985244010138,10,1683,43,4.4,orange
5,1,203,2024-04-23 04:31:51,36.26097929794455,-129.3177040100745,10,1691,43,4.4,orange
5,1,204,2024-04-23 04:36:51,36.24340628956004,-129.46552230986856,10,1699,43,4.3,orange
5,1,205,2024-04-23 04:41:51,36.22583328117553,-129.61330736835225,10,1708,43,4.3,orange
5,1,206,2024-04-23 04:46:51,36.20826027279102,-129.76105921436857,10,1716,42,4.3,orange
5,1,207,2024-04-23 04:51:51,36.19068726440651,-129.9087778767348,10,1724,42,4.2,orange
5,1,208,2024-04-23 04:56:51,36.173114256022004,-130.0564633842426,10,1733,42,4.2,orange
5,1,209,2024-04-23 05:01:51,36.155541247637494,-130.20411576565792,10,1741,41,4.2,orange
5,1,210,2024-04-23 05:06:51,36.137968239252984,-130.35173504972124,10,1749,41,4.2,orange
5,1,211,2024-04-23 05:11:51,36.120395230868475,-130.49932126514747,10,1758,41,4.1,orange
5,1,212,2024-04-23 05:16:51,36.102822222483965,-130.64687444062596,10,1766,41,4.1,orange
5,1,213,2024-04-23 05:21:51,36.085249214099456,-130.7943946048206,10,1774,40,4.1,orange
5,1,214,2024-04-23 05:26:51,36.067676205714946,-130.94188178636986,10,1783,40,4.1,orange
5,1,215,2024-04-23 05:31:51,36.050103197330436,-131.0893360138868,10,1791,40,4.0,orange
5,1,216,2024-04-23 05:36:51,36.03253018894593,-131.23675731595904,10,1799,39,4.0,orange
5,1,217,2024-04-23 05:41:51,36.01495718056142,-131.38414572114897,10,1808,39,4.0,orange
5,1,218,2024-04-23 05:46:51,35.99738417217691,-131.5315012579936,10,1816,39,3.9,orange
5,1,219,2024-04-23 05:51:51,35.9798111637924,-131.6788239550047,10,1824,39,3.9,orange
5,1,220,2024-04-23 05:56:51,35.96223815540789,-131.8261138406688,10,1833,38,3.9,orange
5,1,221,2024-04-23 06:01:51,35.94466514702338,-131.9733709434472,10,1841,38,3.9,orange
5,1,222,2024-04-23 06:06:51,35.92709213863887,-132.1205952917761,10,1849,38,3.8,orange
5,1,223,2024-04-23 06:11:51,35.90951913025436,-132.2677869140665,10,1858,38,3.8,orange
5,1,224,2024-04-23 06:16:51,35.89194612186985,-132.41494583870437,10,1866,37,3.8,orange
5,1,225,2024-04-23 06:21:51,35.87437311348534,-132.56207209405054,10,1874,37,3.7,orange
5,1,226,2024-04-23 06:26:51,35.85680010510083,-132.70916570844088,10,1883,37,3.7,orange
5,1,227,2024-04-23 06:31:51,35.83922709671632,-132.85622671018623,10,1891,36,3.7,orange
5,1,228,2024-04-23 06:36:51,35.82165408833181,-133.0032551275725,10,1899,36,3.7,orange
5,1,229,2024-04-23 06:41:51,35.8040810799473,-133.1502509888606,10,1908,36,3.6,orange
5,1,230,2024-04-23 06:46:51,35.78650807156279,-133.29721432228664,10,1916,36,3.6,orange
5,1,231,2024-04-23 06:51:51,35.76893506317828,-133.4441451560618,10,1924,35,3.6,orange
5,1,232,2024-04-23 06:56:51,35.75136205479377,-133.59104351837252,10,1933,35,3.6,orange
5,1,233,2024-04-23 07:01:51,35.733789046409264,-133.73790943738035,10,1941,35,3.5,orange
5,1,234,2024-04-23 07:06:51,35.716216038024754,-133.88474294122216,10,1949,34,3.5,orange
5,1,235,2024-04-23 07:11:51,35.698643029640245,-134.03154405801004,10,1958,34,3.5,orange
5,1,236,2024-04-23 07:16:51,35.681070021255735,-134.17831281583145,10,1966,34,3.4,orange
5,1,237,2024-04-23 07:21:51,35.663497012871225,-134.32504924274912,10,1974,34,3.4,orange
5,1,238,2024-04-23 07:26:51,35.645924004486716,-134.47175336680124,10,1983,33,3.4,orange
5,1,239,2024-04-23 07:31:51,35.628350996102206,-134.61842521600136,10,1991,33,3.4,orange
5,1,240,2024-04-23 07:36:51,35.6107779877177,-134.7650648183385,10,1999,33,3.3,orange
5,1,241,2024-04-23 07:41:51,35.59320497933319,-134.91167220177712,10,2000,33,3.3,orange
